term,stem,count,sample_size,ratio,google_w2v_x,google_w2v_y
"recognition","recognit","507","1000","0.507","-0.5880104218655362","0.024471575557119554"
"facial","facial","479","1000","0.479","-0.25648217202399887","0.411092571850693"
"facebook","facebook","190","1000","0.19","1.0336121871767765","0.19139056874629728"
"id","id","107","1000","0.107","1.2443631095062726","0.1962135347186691"
"surveillance","surveil","106","1000","0.106","-0.6744350502506942","0.34061290096529145"
"privacy","privaci","78","1000","0.078","-0.42087832712253603","0.46358068684598436"
"tech","tech","72","1000","0.072","-0.027782441135065335","0.5281361156914025"
"china","china","66","1000","0.066","0.7761875369749744","-0.26450202811594703"
"app","app","66","1000","0.066","0.2939166818440245","1.451886389000973"
"software","softwar","62","1000","0.062","-0.06420715029507118","1.0473083731996953"
"iphone","iphon","62","1000","0.062","1.7385687911817247","1.0415546293413709"
"users","user","56","1000","0.056","-0.069362372941445","1.1335301771926911"
"ai","ai","54","1000","0.054","1.1769238763069731","-0.4021980933115978"
"cameras","camera","50","1000","0.05","-0.4619211318373023","0.9312568476706724"
"headlines","headlin","46","1000","0.046","-0.2471799222576672","-0.26443459217625154"
"ban","ban","44","1000","0.044","-0.6372544594348135","-0.5993851743109575"
"photos","photo","39","1000","0.039","-0.09569420915955265","0.5483465263755983"
"chinese","chines","39","1000","0.039","1.8996988932294074","-0.3777198715091349"
"amazon","amazon","39","1000","0.039","1.7924200190777764","0.09935842953753207"
"fingerprint","fingerprint","38","1000","0.038","-0.5333029578443812","0.9225926281663094"
"fri","fri","36","1000","0.036","1.2875947694150485","-0.4564998459828772"
"facial-recognition","facial-recognit","34","1000","0.034","",""
"unlock","unlock","31","1000","0.031","-0.15775731015824437","0.556226473804593"
"intelligence","intellig","31","1000","0.031","-0.5082296967593848","-0.02126833301078709"
"detection","detect","29","1000","0.029","-0.2871262785925574","0.7705522443178806"
"zuckerberg","zuckerberg","28","1000","0.028","",""
"scan","scan","28","1000","0.028","-0.20705566736264272","1.0510371194247994"
"sensor","sensor","27","1000","0.027","-0.14413627070832233","1.6467661874891941"
"google","googl","27","1000","0.027","1.4904661645151787","0.2265421292043376"
"biometric","biometr","27","1000","0.027","-0.686566252896104","1.3630590656010981"
"algorithm","algorithm","27","1000","0.027","0.29676982023385723","1.364051318467827"
"database","databas","26","1000","0.026","-0.23695622002272385","0.8635792863290374"
"lawsuit","lawsuit","24","1000","0.024","-0.7375728730005308","-0.5254403548391402"
"artificial","artifici","24","1000","0.024","-0.3990286990357203","0.025646123413280854"
"clearview","clearview","23","1000","0.023","",""
"technologies","technolog","22","1000","0.022","-0.37875865157857136","0.9656659808177928"
"regulation","regul","22","1000","0.022","-0.3384329026239731","-0.3850204093436377"
"european","european","22","1000","0.022","1.8165258086720713","-0.5504923697926412"
"monitoring","monitor","21","1000","0.021","-0.6648852346098417","0.3155549602082332"
"tracking","track","20","1000","0.02","-0.504859063429034","0.5684644101399821"
"startup","startup","20","1000","0.02","-0.2698774136372938","0.6372212046103367"
"apple's","appl","20","1000","0.02","-0.0982093818026342","-0.1018594561295267"
"airport","airport","20","1000","0.02","-0.4095089613734248","-0.20112633091967355"
"smartphones","smartphon","19","1000","0.019","-0.053548902238713746","1.3652962834026638"
"media","media","19","1000","0.019","-0.23273903459976952","-0.18617802944563472"
"identifying","identifi","19","1000","0.019","-0.5952237430834159","0.11000091149221389"
"digital","digit","19","1000","0.019","-0.20198364309881742","0.9614476042926295"
"microsoft","microsoft","18","1000","0.018","2.7607764465590394","0.4683189626983644"
"violations","violat","17","1000","0.017","-0.6693324131457803","-0.6346709286186982"
"san","san","17","1000","0.017","1.2670930380960244","-0.35709422885072195"
"megvii","megvii","17","1000","0.017","",""
"masks","mask","17","1000","0.017","-0.39297302774200044","0.0080899995750083"
"developer","develop","17","1000","0.017","-0.3585657987804542","0.31093452728536497"
"criminal","crimin","17","1000","0.017","-0.59702770384304","-0.6257963818147845"
"protesters","protest","16","1000","0.016","-0.45320599494303204","-0.7198192646049975"
"internet","internet","16","1000","0.016","0.2898853341846128","0.41364625972795444"
"francisco","francisco","16","1000","0.016","0.4566831253097999","-0.291411287650928"
"techmeme","techmem","15","1000","0.015","",""
"sports","sport","15","1000","0.015","-0.14010937910101837","-0.17072863398472762"
"people's","peopl","15","1000","0.015","0.15340069761971264","-0.48967631784035304"
"illinois","illinoi","15","1000","0.015","1.8109349162128248","-0.47657964136025377"
"global","global","15","1000","0.015","-0.27272386538004967","0.018770019026845875"
"fined","fine","15","1000","0.015","-0.4700007284830364","-0.8137884269445663"
"elite","elit","15","1000","0.015","-0.46356446656298256","-0.4731038176452125"
"breaching","breach","15","1000","0.015","-0.4615757622174499","-0.6525430737604085"
"xinjiang","xinjiang","14","1000","0.014","",""
"world's","world","14","1000","0.014","-0.09096811815117503","0.25785952244041377"
"progression","progress","14","1000","0.014","-0.20153835535900433","0.10620748151900948"
"kong","kong","14","1000","0.014","1.2751318765293185","-0.3856529568867227"
"hong","hong","14","1000","0.014","0.9791135950564314","-0.427423249185923"
"eu","eu","14","1000","0.014","2.0972290219730803","-0.4780612741750212"
"comparing","compar","14","1000","0.014","-0.2865212060972015","-0.18213403524118066"
"verification","verif","13","1000","0.013","-0.4604643956607927","0.5350960239306236"
"squads","squad","13","1000","0.013","-0.5783563468386937","-0.34017470461126387"
"ploy","ploy","13","1000","0.013","-0.27587807413112836","-0.6426855318181912"
"pixel","pixel","13","1000","0.013","0.7395580230587355","1.4228267202817728"
"lubs","lub","13","1000","0.013","",""
"ftbpro","ftbpro","13","1000","0.013","",""
"clubs","club","13","1000","0.013","-0.23907126284223626","-0.35400550303336414"
"challenges","challeng","13","1000","0.013","-0.82149646026681","-0.11543786643105867"
"alleged","alleg","13","1000","0.013","-0.5748712397849566","-0.7203278739500257"
"wireless","wireless","12","1000","0.012","-0.39040624552371517","1.072189148301305"
"techcrunch","techcrunch","12","1000","0.012","0.5069236772249097","0.367195973297345"
"researchers","research","12","1000","0.012","-0.46436910333662645","0.3410191980353635"
"bias","bias","12","1000","0.012","-0.15556772345815525","-0.4153829530204871"
"3d","3d","12","1000","0.012","1.2161372361443734","0.47152614839421814"
"scanner","scanner","11","1000","0.011","-0.22667697485270302","1.1362410850586537"
"pro","pro","11","1000","0.011","-0.06824956637368061","-0.7509592379936177"
"person's","person","11","1000","0.011","-0.14556758166903996","-0.3523522781676388"
"option","option","11","1000","0.011","-0.3745473094218863","0.13804698770446608"
"ipad","ipad","11","1000","0.011","1.7259256975762045","1.0733941265578764"
"insider","insid","11","1000","0.011","-0.36324190817632557","-0.15233255354452788"
"deploy","deploy","11","1000","0.011","-0.618174361427519","0.4900542340909192"
"checks","check","11","1000","0.011","-0.5523036520368508","0.042177078172192066"
"button","button","11","1000","0.011","0.2546899728466951","1.0621848787891197"
"uk","uk","10","1000","0.01","2.1541324904292574","-0.017318952549697057"
"travelers","travel","10","1000","0.01","-0.47659941349090795","0.17057693423131012"
"subway","subway","10","1000","0.01","-0.13574995201455425","0.06319979271384885"
"scraping","scrape","10","1000","0.01","-0.23031516920589426","-0.05039194231720974"
"online","onlin","10","1000","0.01","0.07708532682605734","0.5088883440893345"
"misuse","misus","10","1000","0.01","-0.493021027029134","-0.4768985071957369"
"leak","leak","10","1000","0.01","-0.27952756544932644","0.045768331599274244"
"launch","launch","10","1000","0.01","-0.34163290236714033","0.17987566404276337"
"ftc","ftc","10","1000","0.01","0.5108237624292572","0.2943726474422121"
"faster","faster","10","1000","0.01","-0.19864843238958974","0.3780226025843811"
"faceapp","faceapp","10","1000","0.01","",""
"crime","crime","10","1000","0.01","-0.32040015578820924","-0.5328862394240876"
"chip","chip","10","1000","0.01","-0.055921492622985805","0.580739940843181"
"california","california","10","1000","0.01","2.362789076106427","-0.35792387027281936"
"abuse","abus","10","1000","0.01","-0.4347018501004057","-0.6454708238117745"
"twitter","twitter","9","1000","0.009","0.9152580221192901","0.25796873812122284"
"robots","robot","9","1000","0.009","-0.1540703201990505","0.945262923232457"
"rekognition","rekognit","9","1000","0.009","",""
"portrait","portrait","9","1000","0.009","-0.32515121324707724","-0.04071587348609354"
"instagram","instagram","9","1000","0.009","",""
"india's","india","9","1000","0.009","",""
"identities","ident","9","1000","0.009","-0.5469661051784673","0.11029150702821244"
"ibm","ibm","9","1000","0.009","2.1880011728120476","0.16573524778780965"
"coronavirus","coronavirus","9","1000","0.009","-0.21398727336326714","0.47337796818640576"
"charging","charg","9","1000","0.009","-0.507400938031604","-0.04016800059751844"
"ceo","ceo","9","1000","0.009","0.687123280923699","-0.24837067473076285"
"beijing","beij","9","1000","0.009","1.4170386410933613","-0.2810480982627538"
"authentication","authent","9","1000","0.009","-0.10977004035186118","1.1639736954144493"
"android","android","9","1000","0.009","1.1773446714284415","0.89492564193703"
"verify","verifi","8","1000","0.008","-0.4303212331545177","0.289323819079958"
"valuation","valuat","8","1000","0.008","-0.2360762075523888","0.18207653240721774"
"united","unit","8","1000","0.008","-0.2654063425624224","-0.7214885784988153"
"selfie","selfi","8","1000","0.008","",""
"real-time","real-tim","8","1000","0.008","0.5111797987517378","1.202664571847641"
"policing","polic","8","1000","0.008","-0.5287598211564243","-0.37311461950498376"
"phones","phone","8","1000","0.008","-0.2705832818380351","1.0201521441365342"
"muslim","muslim","8","1000","0.008","1.205685374204546","-0.7737041417369737"
"matched","match","8","1000","0.008","-0.6519687367976609","0.004690080158116163"
"ios","io","8","1000","0.008","1.1206016303191058","0.381961479129079"
"introducing","introduc","8","1000","0.008","-0.5551192824810065","0.020650838879470466"
"implement","implement","8","1000","0.008","-0.6389083906045857","0.05338078751478275"
"fraud","fraud","8","1000","0.008","-0.41454837659977023","-0.3651242695949884"
"files","file","8","1000","0.008","-0.14434358313678025","0.6818052753757414"
"expand","expand","8","1000","0.008","-0.7896553122637681","0.061382329778326535"
"company's","compani","8","1000","0.008","0.17285225312453695","0.17354878529447934"
"billions","billion","8","1000","0.008","-0.329471183638459","-0.14615178438345303"
"automated","autom","8","1000","0.008","-0.3038903644157089","1.0450790695916992"
"american","american","8","1000","0.008","1.7862713091453828","-0.5090371217075518"
"youtube","youtub","7","1000","0.007","1.5680896977353385","-0.02845145756167678"
"xi","xi","7","1000","0.007","0.8398065193538601","-0.7835670089114501"
"trafficking","traffick","7","1000","0.007","-0.6329681927254499","-0.6482833248414629"
"targeting","target","7","1000","0.007","-0.5389767972495781","-0.1640852046862704"
"suspects","suspect","7","1000","0.007","-0.6874780199524994","-0.30337730131214374"
"supports","support","7","1000","0.007","-0.5220816374519064","-0.10316750436647974"
"students","student","7","1000","0.007","-0.5668615935307646","-0.10619614616902275"
"raises","rais","7","1000","0.007","-0.5656443247410459","-0.26274832970480727"
"prompted","prompt","7","1000","0.007","-0.6457527763980216","-0.5828928834537678"
"processor","processor","7","1000","0.007","0.23534978553604635","1.052072979312906"
"proceed","proceed","7","1000","0.007","-0.5876848535141186","-0.23346632715707183"
"passwords","password","7","1000","0.007","0.011414039836803105","1.3042225625953363"
"nigeria","nigeria","7","1000","0.007","2.3789151308174183","-0.7211925743287293"
"nations","nation","7","1000","0.007","-0.3085031074619434","-0.30315332817460006"
"investigate","investig","7","1000","0.007","-0.6873687547083402","-0.5551083759991218"
"innovative","innov","7","1000","0.007","-0.6169515617594911","0.5947318960562137"
"illegal","illeg","7","1000","0.007","-0.4177265795985061","-0.7894540358523294"
"high-tech","high-tech","7","1000","0.007","-0.18067430641078994","0.22505757691255499"
"hack","hack","7","1000","0.007","0.3761519233829344","0.14581363124367444"
"government's","govern","7","1000","0.007","-0.522693872129342","-0.4081530234213462"
"gender","gender","7","1000","0.007","-0.27995123834549696","-0.18082235301999128"
"false","fals","7","1000","0.007","-0.5241434425595274","-0.4461298732775297"
"enabling","enabl","7","1000","0.007","-0.2753913769796921","0.477174629966807"
"controversial","controversi","7","1000","0.007","-0.5016931154318031","-0.639927808291558"
"computing","comput","7","1000","0.007","-0.14014206939903526","1.0916523107187153"
"collecting","collect","7","1000","0.007","-0.580165625285457","-0.1773944686550086"
"cnet","cnet","7","1000","0.007","1.7292959799248269","0.41312398210527135"
"battery","batteri","7","1000","0.007","-0.16711957135589328","0.9033414262471573"
"autonomous","autonom","7","1000","0.007","-0.3483854366611447","0.02153075858571311"
"analyze","analyz","7","1000","0.007","-0.42743499961713644","0.3229905160450492"
"aclu","aclu","7","1000","0.007","0.460253990730712","-0.36376357411302435"
"worldwide","worldwid","6","1000","0.006","-0.31343595034861593","0.18930914346520833"
"watch's","watch","6","1000","0.006","0.1397355200008627","-0.07820728750786703"
"upgraded","upgrad","6","1000","0.006","-0.33035167871504467","0.473326945062152"
"uighur","uighur","6","1000","0.006","",""
"threats","threat","6","1000","0.006","-0.6137083112710935","-0.44627426558062083"
"storynow","storynow","6","1000","0.006","",""
"stolen","stolen","6","1000","0.006","-0.3791033519623815","-0.1720815323846915"
"singapore","singapor","6","1000","0.006","2.3714575724459674","-0.0104346467901635"
"settings","set","6","1000","0.006","-0.03264828487409329","1.0104744454661594"
"securely","secur","6","1000","0.006","-0.26903714628400965","0.9116416918911822"
"sector","sector","6","1000","0.006","-0.3068420455844313","-0.11479897180881549"
"sanctions","sanction","6","1000","0.006","-0.689216220686607","-0.44559220599455124"
"protecting","protect","6","1000","0.006","-0.6017569142354178","-0.5265314737656215"
"programme","programm","6","1000","0.006","",""
"penalty","penalti","6","1000","0.006","-0.4715494370143048","-0.5317237318366801"
"panasonic","panason","6","1000","0.006","1.1420945620287433","0.5882443410164754"
"oversight","oversight","6","1000","0.006","-0.7933049982349284","-0.3188977786618605"
"mp","mp","6","1000","0.006","1.7280329108937205","0.03795013040015058"
"messaging","messag","6","1000","0.006","-0.15464888137715926","0.9103931557908201"
"mandatory","mandatori","6","1000","0.006","-0.46986492903945803","-0.2367534531747384"
"linked","link","6","1000","0.006","-0.5105443209723853","-0.3718722122983903"
"journalists","journalist","6","1000","0.006","-0.2925907612951241","-0.33448215223212174"
"intercept","intercept","6","1000","0.006","-0.17718408340745417","0.09723345110146374"
"immigration","immigr","6","1000","0.006","-0.2511261814641076","-0.5467482892721114"
"huawei","huawei","6","1000","0.006","",""
"hikvision","hikvis","6","1000","0.006","",""
"highlighted","highlight","6","1000","0.006","-0.635279662462631","-0.35515787187099396"
"gates","gate","6","1000","0.006","-0.31201335368436156","-0.0038713364176591286"
"fooled","fool","6","1000","0.006","-0.19665232344340744","-0.3814852630719001"
"focused","focus","6","1000","0.006","-0.6799606828095952","-0.026624586140476362"
"emotion","emot","6","1000","0.006","-0.5196728251547049","0.11775388502865917"
"education","educ","6","1000","0.006","-0.32652665370476214","-0.43923767931111085"
"driver's","driver","6","1000","0.006","-0.3745188191267482","0.20599984379077366"
"departing","depart","6","1000","0.006","-0.3609332303125812","-0.43137174045766774"
"democratic","democrat","6","1000","0.006","-0.2899623545846217","-0.6427408424961097"
"defends","defend","6","1000","0.006","-0.3083664829660672","-1.1763071616460508"
"corporate","corpor","6","1000","0.006","-0.24659762705041474","-0.11913864977591081"
"consumers","consum","6","1000","0.006","-0.4788873863403089","0.5318434626098227"
"consent","consent","6","1000","0.006","-0.4762631590201275","-0.18604223984352555"
"commission","commiss","6","1000","0.006","-0.5195499685903907","-0.5164418622941068"
"child","child","6","1000","0.006","-0.38800418136176906","-0.2753467308869851"
"cease-and-desist","cease-and-desist","6","1000","0.006","",""
"capture","captur","6","1000","0.006","-0.5089390335155224","0.35493835672147184"
"cancels","cancel","6","1000","0.006","-0.2248696865865523","-0.7690357666095672"
"australia's","australia","6","1000","0.006","",""
"wired","wire","5","1000","0.005","-0.336464740335392","0.5731918895463738"
"whatsapp","whatsapp","5","1000","0.005","",""
"website","websit","5","1000","0.005","0.05546559146231544","0.23893677500203758"
"vuzix","vuzix","5","1000","0.005","",""
"violence","violenc","5","1000","0.005","-0.5609137227380409","-0.6961779633485069"
"videos","video","5","1000","0.005","-0.08241397843308376","0.502783178004415"
"university","univers","5","1000","0.005","-0.34391225830974653","-0.3603428473602183"
"unicorns","unicorn","5","1000","0.005","0.6194596831495625","-0.05455077408616508"
"trick","trick","5","1000","0.005","-0.10539910359996969","0.03888517418537156"
"thrived","thrive","5","1000","0.005","-0.6799898206730857","-0.5124106840983532"
"theft","theft","5","1000","0.005","-0.4432483873906511","-0.2051124292318287"
"terminals","termin","5","1000","0.005","-0.27532187991575036","0.8108470053100751"
"sunglasses","sunglass","5","1000","0.005","-0.07681468840412975","0.34732970683507614"
"soldiers","soldier","5","1000","0.005","-0.4667675637215769","-0.3148757362280873"
"smith","smith","5","1000","0.005","1.5849161597940897","-0.5362264093391889"
"silicon","silicon","5","1000","0.005","0.06728628314948663","0.9180345370434166"
"scrutiny","scrutini","5","1000","0.005","-0.9381475103894367","-0.44979561646842364"
"providers","provid","5","1000","0.005","-0.4478478705145215","0.4871291082751196"
"positioned","posit","5","1000","0.005","-0.5071552771451264","0.20023376507518204"
"portal","portal","5","1000","0.005","0.026806295428301905","0.6124557933874848"
"photographs","photograph","5","1000","0.005","-0.47459946865357994","0.2597206009599128"
"passport","passport","5","1000","0.005","-0.3076448941218499","0.00013234197976786158"
"organisations","organis","5","1000","0.005","",""
"nypd","nypd","5","1000","0.005","",""
"nigerian","nigerian","5","1000","0.005","1.6190328291334042","-0.7421526186380708"
"mit","mit","5","1000","0.005","1.2595195729693847","-0.24983838806015976"
"ministry","ministri","5","1000","0.005","-0.37544375402893204","-0.489284520388762"
"london","london","5","1000","0.005","2.1356951747579247","-0.4723724447513505"
"liberties","liberti","5","1000","0.005","-0.4463543284552939","-0.3134323545657756"
"lawmakers","lawmak","5","1000","0.005","-0.7979837612320899","-0.534269753119023"
"jinping","jinp","5","1000","0.005","",""
"independent","independ","5","1000","0.005","-0.5464760462725538","-0.14011869992626808"
"in-display","in-display","5","1000","0.005","",""
"icloud","icloud","5","1000","0.005","0.26395845269938933","1.1930036495122212"
"gallery","galleri","5","1000","0.005","0.016733922436427406","0.160008624245147"
"galaxy","galaxi","5","1000","0.005","0.23168477436417897","0.16570326231794524"
"fundamental","fundament","5","1000","0.005","-0.44617547960595816","-0.21183095924676962"
"fbi","fbi","5","1000","0.005","1.215690246519873","-0.23865087292860773"
"f8","f8","5","1000","0.005","0.8449060421331861","0.905289276882868"
"document","document","5","1000","0.005","-0.4288362634369574","0.08634035111162809"
"district","district","5","1000","0.005","-0.4148475470456887","-0.45933273465500823"
"dhs","dhs","5","1000","0.005","0.5621900361752274","-0.026759603764481495"
"debut","debut","5","1000","0.005","-0.3985897522148399","-0.09190180441398088"
"congress","congress","5","1000","0.005","0.2489366525127062","-0.7052466068456831"
"commitment","commit","5","1000","0.005","-0.6801676187234728","-0.320886579771007"
"children","children","5","1000","0.005","-0.49899630295943076","-0.35756660332342877"
"checkpoints","checkpoint","5","1000","0.005","-0.6892891640434068","0.24419110889867673"
"cheaper","cheaper","5","1000","0.005","-0.1644921807116695","0.16442789266541818"
"brand","brand","5","1000","0.005","-0.3279856449110842","0.2703300437799629"
"af","af","5","1000","0.005","1.5090315773141614","-0.6100779666704449"
"35b","35b","5","1000","0.005","",""
"32gb","32gb","5","1000","0.005","",""
"xr","xr","4","1000","0.004","0.883160967992499","0.13832825107036556"
"wrist","wrist","4","1000","0.004","-0.28705419309582175","0.22884339182380747"
"wifi","wifi","4","1000","0.004","1.0478860880544598","1.1255411130973958"
"wechat","wechat","4","1000","0.004","",""
"wearable","wearabl","4","1000","0.004","-0.2429710082565991","1.2874800370532462"
"vulnerable","vulner","4","1000","0.004","-0.6110306441426876","-0.38894113928081514"
"viral","viral","4","1000","0.004","-0.003268735758181421","0.27229783338174746"
"victim's","victim","4","1000","0.004","-0.5633210334424078","-0.5517164739336727"
"uyghur","uyghur","4","1000","0.004","",""
"unprecedented","unpreced","4","1000","0.004","-0.7587683182166542","-0.21905968523974206"
"twin","twin","4","1000","0.004","-0.10646200142853376","-0.3543707462043802"
"transgender","transgend","4","1000","0.004","-0.36965392741858494","-0.2674284149482201"
"telecoms","telecom","4","1000","0.004","-0.1731310100017012","0.02337469421769783"
"tabs","tab","4","1000","0.004","-0.002506068330418759","0.48403584939249583"
"suspicious","suspici","4","1000","0.004","-0.7024056953739789","-0.37084494168049553"
"super","super","4","1000","0.004","0.0886279801996391","-0.03746871177397805"
"spark","spark","4","1000","0.004","-0.7318717449758027","-0.3819155058687733"
"solutions","solut","4","1000","0.004","-0.5277150809552579","0.6746174365479197"
"sites","site","4","1000","0.004","-0.16698208845771653","0.29716895902967233"
"shareholders","sharehold","4","1000","0.004","-0.47556158510697194","0.0743716435576077"
"setup","setup","4","1000","0.004","-0.12357232659432386","0.5761863063404385"
"sensetime","sensetim","4","1000","0.004","",""
"screens","screen","4","1000","0.004","-0.24922898102084884","0.8609637249057243"
"scenarios","scenario","4","1000","0.004","-0.5532047343044427","0.3222090145127561"
"sanders","sander","4","1000","0.004","0.5184030220853935","0.17129512361654506"
"samsung","samsung","4","1000","0.004","2.044076541752787","0.8950614326765487"
"risks","risk","4","1000","0.004","-0.5721035494365294","-0.11609841214549482"
"retail","retail","4","1000","0.004","-0.33480676126811953","0.2889798535801441"
"reportedly","report","4","1000","0.004","-0.48237034118383604","-0.4396841475511659"
"rely","reli","4","1000","0.004","-0.6251855681488084","0.08255354028746713"
"qr","qr","4","1000","0.004","0.4688235028556114","0.2318990042686679"
"proposes","propos","4","1000","0.004","-0.5109276823732651","-0.46868890650864853"
"probe","probe","4","1000","0.004","-0.6646301028639078","-0.3269579434436208"
"platforms","platform","4","1000","0.004","-0.21429729393308433","0.668369774221746"
"pie","pie","4","1000","0.004","0.06632231285435627","-0.06125327695146116"
"partnership","partnership","4","1000","0.004","-0.7035622215342346","0.07927934308377899"
"operators","oper","4","1000","0.004","-0.41355544902198704","0.2725317479436218"
"notch","notch","4","1000","0.004","-0.2745224963357169","0.030343036893592655"
"networks","network","4","1000","0.004","-0.3675069309190933","0.5471697456215683"
"mugshot","mugshot","4","1000","0.004","0.1251551430576244","0.19992487307898404"
"misinformation","misinform","4","1000","0.004","-0.358751411645264","-0.540900882142278"
"max","max","4","1000","0.004","0.6487156252311662","0.22002239668180185"
"maker","maker","4","1000","0.004","-0.28696291992299405","0.11152524781148115"
"linda","linda","4","1000","0.004","1.8445556723738965","-0.5223850906935383"
"lagos","lago","4","1000","0.004","1.2898323912096037","-0.5990898946480996"
"king's","king","4","1000","0.004","0.27319292102616094","-0.6297663657693208"
"invested","invest","4","1000","0.004","-0.5850104026125739","0.014415672236048654"
"install","instal","4","1000","0.004","-0.3304977261612281","0.6097428620647846"
"infrastructure","infrastructur","4","1000","0.004","-0.539665828021004","0.1408857914460644"
"infrared","infrar","4","1000","0.004","-0.07434168575576554","1.3120381450112522"
"ikeji","ikeji","4","1000","0.004","",""
"idrive","idriv","4","1000","0.004","-0.15106422552242335","0.6158873641835614"
"hdr","hdr","4","1000","0.004","",""
"guardian","guardian","4","1000","0.004","-0.15810099745708278","-0.5911277584100896"
"frustrating","frustrat","4","1000","0.004","-0.559064409528919","-0.12564819461211438"
"france","franc","4","1000","0.004","2.027192150858714","-0.42341778192162033"
"foreigners","foreign","4","1000","0.004","-0.199718044873639","-0.5214627383782012"
"footage","footag","4","1000","0.004","-0.2695298028053677","0.23651685570827802"
"flagged","flag","4","1000","0.004","-0.5212189479590585","-0.4188416935152241"
"feeds","feed","4","1000","0.004","-0.16558404668874924","0.43043024165032884"
"faceid","faceid","4","1000","0.004","",""
"executives","execut","4","1000","0.004","-0.6608515532032015","-0.010606129688505902"
"ensure","ensur","4","1000","0.004","-0.6589233122027662","-0.10150788772456872"
"drones","drone","4","1000","0.004","-0.0515091838768593","0.49995867794392407"
"docs","doc","4","1000","0.004","0.49073135325171474","0.041440285285987026"
"discrimination","discrimin","4","1000","0.004","-0.5352796869069525","-0.6523284826353404"
"discontinued","discontinu","4","1000","0.004","-0.19451714138493628","0.03518874373101856"
"detention","detent","4","1000","0.004","-0.5297560496906102","-0.6519049591064006"
"deputy","deputi","4","1000","0.004","-0.4020657009730022","-0.6645219961598934"
"deemed","deem","4","1000","0.004","-0.5250449499164751","-0.44394439339840946"
"declined","declin","4","1000","0.004","-0.8125946636696991","-0.42421844370039175"
"dangerously","danger","4","1000","0.004","-0.4768917494661062","-0.4504220997369174"
"damages","damag","4","1000","0.004","-0.4806640156804172","-0.5178444157927836"
"contractors","contractor","4","1000","0.004","-0.5919745101993189","-0.09262394618812483"
"circulated","circul","4","1000","0.004","-0.5290563031944764","-0.449132419902927"
"chargers","charger","4","1000","0.004","-0.15782067940584227","0.741873091347647"
"changi","changi","4","1000","0.004","",""
"centre","centr","4","1000","0.004","",""
"cctv","cctv","4","1000","0.004","0.33733127135614505","0.49555966038786753"
"cashless","cashless","4","1000","0.004","-0.5933457559424957","0.628358413636364"
"card's","card","4","1000","0.004","-0.23693180812930767","0.3692826890198486"
"campaign","campaign","4","1000","0.004","-0.5469205842621537","-0.4947126500306354"
"borders","border","4","1000","0.004","-0.3957917424997559","-0.26731734608879626"
"bloomberg","bloomberg","4","1000","0.004","2.026256389226873","-0.3331505348241424"
"banking","bank","4","1000","0.004","-0.28836052374049176","-0.22487465247399963"
"backup","backup","4","1000","0.004","-0.28869483617712083","0.4366691048218021"
"atm","atm","4","1000","0.004","1.519887066112343","0.21803886169179254"
"arriving","arriv","4","1000","0.004","-0.4537025909592298","-0.2609714417342934"
"army","armi","4","1000","0.004","-0.1300074676020973","-0.4918136355279546"
"api","api","4","1000","0.004","1.9746727252817522","0.5732412174655378"
"analyst","analyst","4","1000","0.004","-0.5473247924827355","-0.2271893124184215"
"africa","africa","4","1000","0.004","1.9938199050903171","-0.4703417928703306"
"adam","adam","4","1000","0.004","2.0065674393616186","-0.4133816983696406"
"activists","activist","4","1000","0.004","-0.502655098814368","-0.6777900953872215"
"accessible","access","4","1000","0.004","-0.3606899129748417","0.5337699274282198"
"5.0","5.0","4","1000","0.004","",""
"2gb","2gb","4","1000","0.004","1.2879481470900185","0.839169433284257"
"xs","xs","3","1000","0.003","0.8901796362504606","0.04866536600856114"
"xos","xos","3","1000","0.003","",""
"wong","wong","3","1000","0.003","1.3162180864721167","-0.6348859306835135"
"winners","winner","3","1000","0.003","-0.43476199711620017","-0.06653435871329777"
"weapons","weapon","3","1000","0.003","-0.5874285234713031","-0.11835960881522536"
"watchdog","watchdog","3","1000","0.003","-0.660504424507346","-0.5781163780751084"
"washington","washington","3","1000","0.003","2.1664515878473694","-0.7556817410035"
"vox","vox","3","1000","0.003","0.9513315199758499","0.08133674801058195"
"venmo","venmo","3","1000","0.003","",""
"uploading","upload","3","1000","0.003","0.11871069311229084","0.8996959327001538"
"unodc","unodc","3","1000","0.003","",""
"uniforms","uniform","3","1000","0.003","-0.40565197747816484","-0.08408623015404965"
"ultimately","ultim","3","1000","0.003","-0.5143423450949796","-0.27086209502505815"
"ugc","ugc","3","1000","0.003","",""
"tv","tv","3","1000","0.003","1.3188561043251414","-0.02624069436680529"
"truedepth","truedepth","3","1000","0.003","",""
"trillion","trillion","3","1000","0.003","-0.0399004717887768","0.017180513212112142"
"transparency","transpar","3","1000","0.003","-0.4318611658366538","-0.14327754876077733"
"touching","touch","3","1000","0.003","-0.3896107739034435","-0.030764969547698837"
"toilet","toilet","3","1000","0.003","-0.08829218835510708","-0.0222113690842296"
"ticketing","ticket","3","1000","0.003","-0.22350243363788477","0.3855760965897727"
"third-party","third-parti","3","1000","0.003","-0.24851783926157353","0.4061244098733542"
"terrorists","terrorist","3","1000","0.003","-0.3666139687053353","-0.41169281129630775"
"taxes","tax","3","1000","0.003","-0.37601065098103903","-0.3848868400875444"
"tap","tap","3","1000","0.003","-0.4667646814519347","0.168215997810914"
"tackling","tackl","3","1000","0.003","-0.5616297849087253","-0.46522962391139866"
"swipe","swipe","3","1000","0.003","-0.46717598495917406","0.09887894301708322"
"supervisor","supervisor","3","1000","0.003","-0.4765838625161027","-0.27893733779689794"
"sues","sue","3","1000","0.003","-0.23545063633510488","-1.1533377543660062"
"storing","store","3","1000","0.003","-0.5461900725531051","0.5703071400456562"
"stops","stop","3","1000","0.003","-0.3400049491825914","-0.22959790201178726"
"state's","state","3","1000","0.003","-0.3479059760155674","-0.3108757370312399"
"speeds","speed","3","1000","0.003","-0.18905943528955974","0.7372372852394813"
"soros","soro","3","1000","0.003","0.727895696829477","-0.21000065490596295"
"slate","slate","3","1000","0.003","-0.4325007543448983","0.024567635310760946"
"sign-in","sign-in","3","1000","0.003","0.6138356005999286","-0.1604531978461428"
"signing","sign","3","1000","0.003","-0.3269289305722147","-0.37610731488607124"
"sells","sell","3","1000","0.003","-0.306323344564877","0.013263203760053303"
"sean","sean","3","1000","0.003","2.2630780705463933","-0.6239553507294763"
"scandal","scandal","3","1000","0.003","-0.40071704361511945","-0.6733130561603105"
"satariano","satariano","3","1000","0.003","",""
"safeguard","safeguard","3","1000","0.003","-0.6740661025609838","-0.38191279654452526"
"s4","s4","3","1000","0.003","0.4663470105085755","0.1509578061338412"
"russia","russia","3","1000","0.003","1.9892071050459226","-0.4452625986488943"
"reuters","reuter","3","1000","0.003","1.2621161646088845","-0.09449944769510223"
"restrictive","restrict","3","1000","0.003","-0.49746130864658406","-0.27619650997573797"
"restore","restor","3","1000","0.003","-0.5258655733277166","-0.4557493174251222"
"queenie","queeni","3","1000","0.003","0.15303539423501974","-0.12370388503614405"
"pushing","push","3","1000","0.003","-0.4733995547932316","-0.41707059139164737"
"punish","punish","3","1000","0.003","-0.6103090983246771","-0.8549997573516418"
"profiling","profil","3","1000","0.003","-0.38426163621997605","0.3205811047100248"
"presidential","presidenti","3","1000","0.003","-0.25116484630283237","-0.5084540845422915"
"premium","premium","3","1000","0.003","-0.39605480190840037","0.45006278495130175"
"predicated","predic","3","1000","0.003","-0.49776842937746774","-0.38657635710798516"
"pop","pop","3","1000","0.003","-0.012625656859223015","0.04477189916374602"
"pivot","pivot","3","1000","0.003","-0.1488440754513874","0.33097052187760356"
"pervasive","pervas","3","1000","0.003","-0.49754113058361743","-0.07477883098222907"
"passcode","passcod","3","1000","0.003","-0.20781154355972925","1.9613091010231178"
"parliament","parliament","3","1000","0.003","-0.20463716677291816","-0.6010652063153951"
"pandas","panda","3","1000","0.003","0.18806267492208686","0.004438629954102097"
"outlandish","outlandish","3","1000","0.003","-0.4040210664021067","-0.4077355293187251"
"orientation","orient","3","1000","0.003","-0.1847336074115183","0.16606501327845632"
"oregon","oregon","3","1000","0.003","1.8018595011498593","-0.41726805437677456"
"ordinance","ordin","3","1000","0.003","-0.45934354088397233","-0.1926697516642845"
"oppression","oppress","3","1000","0.003","-0.1796554802020763","-0.6281176004162586"
"onezero","onezero","3","1000","0.003","",""
"oneplus","oneplus","3","1000","0.003","",""
"obstacles","obstacl","3","1000","0.003","-0.7217184393877095","-0.16848918964237172"
"oakland","oakland","3","1000","0.003","1.477431657497477","-0.4266115709536866"
"noting","note","3","1000","0.003","-0.717517748220201","-0.27997105960184304"
"nntc","nntc","3","1000","0.003","",""
"nightmare","nightmar","3","1000","0.003","-0.45470061483259966","-0.4754068587266935"
"ng","ng","3","1000","0.003","1.0981775594266405","-0.5579303016112934"
"newsfeed","newsfe","3","1000","0.003","0.596748754758777","0.9670787009439433"
"nbc","nbc","3","1000","0.003","2.175648152690859","-0.30662394825167455"
"msft","msft","3","1000","0.003","0.7583085822264561","0.19281381982658566"
"moments","moment","3","1000","0.003","-0.4388795904001615","-0.0121834583455006"
"models","model","3","1000","0.003","-0.16145835473059728","0.6410456007977798"
"mirrors","mirror","3","1000","0.003","-0.37613950397908347","0.11247722870496221"
"minorities","minor","3","1000","0.003","-0.399807712578984","-0.6863229120313419"
"metropolitan","metropolitan","3","1000","0.003","-0.2663027561050915","-0.28551801993373377"
"messenger","messeng","3","1000","0.003","0.19686361475064698","-0.0913334701221033"
"mandated","mandat","3","1000","0.003","-0.4886543478768302","-0.3016814813150736"
"libra","libra","3","1000","0.003","0.789115816254494","-0.04788955765966576"
"knightscope","knightscop","3","1000","0.003","",""
"knight","knight","3","1000","0.003","0.44466685745974793","-0.37544959330697003"
"kickstarter","kickstart","3","1000","0.003","0.1635530056778122","0.3366166590046408"
"jeff","jeff","3","1000","0.003","2.156072155521271","-0.5176404312183741"
"james","jame","3","1000","0.003","2.172813015205217","-0.7229192379070223"
"israeli","isra","3","1000","0.003","1.5890337224563258","-0.4251475674904587"
"iris","iri","3","1000","0.003","-0.0697256982953413","0.9990199197439394"
"investors","investor","3","1000","0.003","-0.5473484904457692","0.07096187927331174"
"integrated","integr","3","1000","0.003","-0.38413778224697515","0.7540240588224709"
"initiated","initi","3","1000","0.003","-0.5514232048850409","-0.3477670575467913"
"individual's","individu","3","1000","0.003","-0.4895336940434768","-0.14452886097477044"
"indian","indian","3","1000","0.003","1.7852978369381685","-0.6418820253073143"
"hub","hub","3","1000","0.003","-0.42265525352624966","0.059228425193785274"
"hd","hd","3","1000","0.003","1.6959567905481567","0.19399102453865733"
"harms","harm","3","1000","0.003","-0.31362336823764725","-0.6028352929019108"
"hardware","hardwar","3","1000","0.003","0.012273645406367264","0.9955491970492679"
"hackers","hacker","3","1000","0.003","-0.17968952204542038","0.48715754767122194"
"hackathon","hackathon","3","1000","0.003","0.18841916892424132","0.6895145738813186"
"grocery","groceri","3","1000","0.003","-0.2761862649892868","-0.14053006532021425"
"gestures","gestur","3","1000","0.003","-0.45046209139215215","0.20853597423562445"
"front-facing","front-fac","3","1000","0.003","",""
"forensics","forens","3","1000","0.003","-0.5044912067136418","0.3541634559903351"
"forbes","forb","3","1000","0.003","1.003248963560535","-0.1946899213637392"
"flickr","flickr","3","1000","0.003","1.0840901598031334","0.6707224024009042"
"fix","fix","3","1000","0.003","-0.194804617999031","-0.01977243383789217"
"filters","filter","3","1000","0.003","-0.1376794837553676","0.9184038122936168"
"fails","fail","3","1000","0.003","-0.30998229180184494","-0.46611487856511974"
"facetime","facetim","3","1000","0.003","0.5606870989757602","0.31612768173710876"
"facepro","facepro","3","1000","0.003","",""
"facebook.com","facebook.com","3","1000","0.003","",""
"face-recognition","face-recognit","3","1000","0.003","",""
"extract","extract","3","1000","0.003","-0.2721871720163201","0.010970167581337904"
"existential","existenti","3","1000","0.003","-0.22966601273874962","-0.16022769854528102"
"exempt","exempt","3","1000","0.003","-0.684640423320021","-0.4916350156639876"
"europe","europ","3","1000","0.003","2.118284792754824","-0.38908520814618264"
"eric","eric","3","1000","0.003","2.199155991586876","-0.5714343687852865"
"entity","entiti","3","1000","0.003","-0.3499911088860536","-0.148466300796387"
"embed","emb","3","1000","0.003","-0.1182774357692383","0.8998582418738185"
"election","elect","3","1000","0.003","-0.40125942287180266","-0.615946781845785"
"economic","econom","3","1000","0.003","-0.4235929997264813","-0.46157651294895397"
"dozens","dozen","3","1000","0.003","-0.5181395844985299","-0.17976353176911528"
"downloads","download","3","1000","0.003","0.14640310659647013","1.1086320464969524"
"delhi","delhi","3","1000","0.003","1.6324293449751184","-0.25810530044574703"
"dc","dc","3","1000","0.003","1.3490483123573467","0.29166644708676404"
"dave","dave","3","1000","0.003","2.2742788890945373","-0.5503594843742828"
"cyber","cyber","3","1000","0.003","-0.16564950004948165","0.08656300285458485"
"customs","custom","3","1000","0.003","-0.2139106651335845","-0.44193421862135857"
"cryptocurrency","cryptocurr","3","1000","0.003","",""
"crunch","crunch","3","1000","0.003","-0.5607417314854565","-0.19544199918436975"
"crowds","crowd","3","1000","0.003","-0.5183238904778144","-0.17927159487928326"
"criticized","critic","3","1000","0.003","-0.9571595428098539","-0.8676385499724047"
"creepy","creepi","3","1000","0.003","0.13177617210496625","0.15326678957005965"
"counts","count","3","1000","0.003","-0.5073150608917969","-0.19990773845631565"
"compensate","compens","3","1000","0.003","-0.6725520006590331","-0.33868173924676226"
"compel","compel","3","1000","0.003","-0.5974608904185954","-0.49940246173377995"
"commons","common","3","1000","0.003","-0.03441360903123463","-0.05963383422079745"
"collaboration","collabor","3","1000","0.003","-0.6135967647120514","0.26363695289126365"
"codes","code","3","1000","0.003","-0.09253214365828805","0.506080191185789"
"co-founder","co-found","3","1000","0.003","-0.44179356604671444","-0.031695212415905095"
"clips","clip","3","1000","0.003","-0.056240123707181046","0.4403380156724015"
"client","client","3","1000","0.003","-0.35862799154985964","0.23083844338540768"
"citing","cite","3","1000","0.003","-0.5965516204443442","-0.5478548292799913"
"censorship","censorship","3","1000","0.003","-0.22215387605780423","-0.273943899260784"
"cbs","cbs","3","1000","0.003","1.7825746641631868","-0.16791045279730918"
"cbp","cbp","3","1000","0.003","",""
"cambridge","cambridg","3","1000","0.003","1.1009712233557734","-0.13103268016504477"
"calling","call","3","1000","0.003","-0.19951715718849547","-0.48168289060963887"
"built-in","built-in","3","1000","0.003","0.5241279952677196","0.7984577219601169"
"boarding","board","3","1000","0.003","-0.2927142704507886","-0.1983122859893396"
"blades","blade","3","1000","0.003","-0.008842738003925375","0.5518177381048736"
"bezos","bezo","3","1000","0.003","",""
"azmin","azmin","3","1000","0.003","",""
"asus","asus","3","1000","0.003","1.56860939572694","0.6365224114110801"
"anonymous","anonym","3","1000","0.003","-0.17857028420597743","-0.13195215978859548"
"analytica","analytica","3","1000","0.003","",""
"america's","america","3","1000","0.003","1.4348224039701931","-0.31790154026226836"
"alipay","alipay","3","1000","0.003","",""
"alfred","alfr","3","1000","0.003","0.9617449346497946","-0.25974693966513096"
"aims","aim","3","1000","0.003","-0.465403158946303","-0.24219032127194537"
"ai-powered","ai-pow","3","1000","0.003","",""
"advocates","advoc","3","1000","0.003","-0.6708055626795416","-0.4759758922008283"
"adds","add","3","1000","0.003","-0.4400242658936781","0.0730807602421592"
"adapted","adapt","3","1000","0.003","-0.5416890274143102","0.2336898963392441"
"accepts","accept","3","1000","0.003","-0.44691912023145947","-0.4231479537569813"
"3gb","3gb","3","1000","0.003","",""
"zoom","zoom","2","1000","0.002","0.2955699318889637","1.3434233036287206"
"zack","zack","2","1000","0.002","1.0262791325887781","-0.1537384255957931"
"xinhua","xinhua","2","1000","0.002","0.33477028437710665","-0.14071019453163375"
"wwdc","wwdc","2","1000","0.002","",""
"whittaker","whittak","2","1000","0.002","",""
"western","western","2","1000","0.002","-0.24166191501966644","-0.542057466934435"
"werner","werner","2","1000","0.002","",""
"webcams","webcam","2","1000","0.002","0.1236472813283508","1.3420537414167608"
"waterdrop","waterdrop","2","1000","0.002","",""
"wandered","wander","2","1000","0.002","-0.34198608769132427","-0.2897247213835951"
"wallet","wallet","2","1000","0.002","-0.1896155792838004","0.3636483689469442"
"waec","waec","2","1000","0.002","",""
"vogels","vogel","2","1000","0.002","",""
"visor","visor","2","1000","0.002","0.11231228856218707","0.6643539773200414"
"viable","viabl","2","1000","0.002","-0.5958079097635166","-0.15212606277753132"
"vestager","vestag","2","1000","0.002","",""
"versa","versa","2","1000","0.002","1.4427297228132712","-0.06233021015366295"
"venues","venu","2","1000","0.002","-0.4782057012643582","0.2068943921573551"
"ventures","ventur","2","1000","0.002","-0.502033639651571","-0.16817726023592292"
"velaga","velaga","2","1000","0.002","",""
"varies","vari","2","1000","0.002","-0.11805170833439503","0.12220057681034117"
"utilizing","util","2","1000","0.002","-0.4310934039023925","0.41872811768795887"
"urges","urg","2","1000","0.002","-0.4126685638832306","-0.8369341998876277"
"updates","updat","2","1000","0.002","-0.055820031028789574","0.7463992571196162"
"unveil","unveil","2","1000","0.002","-0.626585597261811","-0.06555690247258572"
"unmanned","unman","2","1000","0.002","-0.4342787529967679","0.509924216034298"
"unify","unifi","2","1000","0.002","-0.39790864886046157","-0.20947584737404595"
"unfettered","unfett","2","1000","0.002","-0.39251553609262935","-0.313850221778516"
"unanimously","unanim","2","1000","0.002","-0.5934923223566241","-0.4710647970712168"
"uae","uae","2","1000","0.002","1.295871063519412","-0.14314194205686975"
"turnstile's","turnstil","2","1000","0.002","-0.34851312222582076","0.4779936192162257"
"trove","trove","2","1000","0.002","-0.4979415072422533","0.05360523685850287"
"trigger","trigger","2","1000","0.002","-0.48843922796885414","-0.06771353827718654"
"treasure","treasur","2","1000","0.002","-0.2419301174155879","-0.3523613251225966"
"translate","translat","2","1000","0.002","-0.38194799780979305","-0.025416342891087275"
"transferable","transfer","2","1000","0.002","-0.2999130883899728","0.21851146106910088"
"traits","trait","2","1000","0.002","-0.4149623781919746","0.10136216140254932"
"trains","train","2","1000","0.002","-0.40518437771757315","-0.041104636124957315"
"traced","trace","2","1000","0.002","-0.45155070769306843","-0.24386909769721235"
"touchscreen","touchscreen","2","1000","0.002","0.1843102201421558","1.7123078872174988"
"ton-that","ton-that","2","1000","0.002","",""
"timeless","timeless","2","1000","0.002","-0.417416513694804","0.1387525390771672"
"tiananmen","tiananmen","2","1000","0.002","",""
"thwart","thwart","2","1000","0.002","-0.6349435384827888","-0.5031563483279258"
"texture","textur","2","1000","0.002","0.048016904169400736","0.709882709444295"
"terrorism","terror","2","1000","0.002","-0.41222931118973893","-0.6489581782808903"
"terrifyingly","terrifi","2","1000","0.002","-0.3065588131229846","0.1096091636795598"
"tenants","tenant","2","1000","0.002","-0.608005567622438","-0.04447075300479387"
"tens","ten","2","1000","0.002","-0.48361152612086494","-0.16632573720435104"
"telegraph","telegraph","2","1000","0.002","-0.04543251180800382","0.08672023812940827"
"teengeeks","teengeek","2","1000","0.002","",""
"tasha","tasha","2","1000","0.002","",""
"tampering","tamper","2","1000","0.002","-0.6740331924937454","-0.15104935399645794"
"t4","t4","2","1000","0.002","0.2796333619276007","0.22293047440852118"
"switching","switch","2","1000","0.002","-0.2631878740049216","0.2467665052616771"
"swine","swine","2","1000","0.002","0.2250733141077641","-0.43784340274008654"
"sweeping","sweep","2","1000","0.002","-0.6002534347932877","-0.43706019053889295"
"swears","swear","2","1000","0.002","-0.02163168916443113","-0.5547892599139349"
"swarms","swarm","2","1000","0.002","-0.21085922033611373","0.010417310670546433"
"supreme","suprem","2","1000","0.002","-0.0347389922810628","-0.6664999583931424"
"supplying","suppli","2","1000","0.002","-0.7245005174645908","-0.03183781023273736"
"summit","summit","2","1000","0.002","-0.4037974125932778","-0.5009957489066502"
"submit","submit","2","1000","0.002","-0.5117893185804063","-0.07335785515409475"
"subcommittee","subcommitte","2","1000","0.002","-0.8056727559785033","-0.41184975863506107"
"sued","su","2","1000","0.002","-0.7783194156064661","-0.6748169948310194"
"struggled","struggl","2","1000","0.002","-0.7693801623087687","-0.37478240924937495"
"strengthened","strengthen","2","1000","0.002","-0.6111417056275485","-0.40408056034024054"
"streams","stream","2","1000","0.002","-0.01935706552497991","0.43483523450786243"
"state-sponsored","state-sponsor","2","1000","0.002","",""
"stalkers","stalker","2","1000","0.002","0.04440720263533979","0.2600818430201655"
"sprang","sprang","2","1000","0.002","-0.5005667436021661","-0.48216956641956377"
"spotting","spot","2","1000","0.002","-0.34002485459361687","0.03674525537444866"
"spokesperson","spokesperson","2","1000","0.002","-0.6843671272011163","-0.34440591046678015"
"spokesman","spokesman","2","1000","0.002","-1.0706475751333366","-0.5411866883607045"
"spy","spi","2","1000","0.002","-0.2811604793022116","0.026324794452442905"
"specifications","specif","2","1000","0.002","-0.1844756487737983","0.8199019959057279"
"speakers","speaker","2","1000","0.002","-0.17269383626728527","0.17335501917197857"
"spain","spain","2","1000","0.002","2.022689943960763","-0.6028916725457929"
"spaces","space","2","1000","0.002","-0.4183540351469037","0.41324388584667454"
"somerville","somervill","2","1000","0.002","",""
"someone's","someon","2","1000","0.002","0.981170135771701","-0.04280410967944586"
"soared","soar","2","1000","0.002","-0.48399711897576975","-0.24943359420523714"
"sniff","sniff","2","1000","0.002","-0.15308880745826053","0.01706941740409641"
"sneak","sneak","2","1000","0.002","-0.28446754887747044","-0.243809672317053"
"smartwatch","smartwatch","2","1000","0.002","",""
"slashdot","slashdot","2","1000","0.002","1.6591822932783185","0.3920356682652341"
"singaporeans","singaporean","2","1000","0.002","1.5805829628961325","-0.6603769916646156"
"sims","sim","2","1000","0.002","0.953643126655888","0.7402268180307698"
"significantly","signific","2","1000","0.002","-0.4477613190182927","-0.00779911371772305"
"shirin","shirin","2","1000","0.002","",""
"senators","senat","2","1000","0.002","-0.5635527848070995","-0.46376303898155313"
"seattle","seattl","2","1000","0.002","2.216523195040003","-0.21955145945383758"
"searches","search","2","1000","0.002","-0.24414088796481728","0.3044777851855122"
"se","se","2","1000","0.002","1.3088783587507447","-0.5828774867022392"
"schneier","schneier","2","1000","0.002","",""
"sars","sar","2","1000","0.002","0.2239880163699517","-0.3352591851289823"
"sam","sam","2","1000","0.002","2.0626815053618643","-0.7043242159966911"
"sahara","sahara","2","1000","0.002","0.6132806512107962","-0.3653534188750332"
"safer","safer","2","1000","0.002","-0.5486599825750962","-0.12046338267687051"
"sabbagh","sabbagh","2","1000","0.002","",""
"russian","russian","2","1000","0.002","2.0603204384294664","-0.4413384532034909"
"roundup","roundup","2","1000","0.002","-0.15946703385796915","-0.3377935207399712"
"rounded","round","2","1000","0.002","-0.3212153784100353","-0.2616062617123679"
"rollout","rollout","2","1000","0.002","-0.6026073636543706","0.5404099639111218"
"rollercoaster'and","rollercoaster'and","2","1000","0.002","",""
"rolling","roll","2","1000","0.002","-0.4200665676102107","0.08434874586061404"
"rivers","river","2","1000","0.002","-0.20799381628738503","-0.3635248900616277"
"rioting","riot","2","1000","0.002","-0.38984045559468694","-0.879545618709615"
"ring's","ring","2","1000","0.002","-0.11409226610103537","0.13995313741394652"
"rfid","rfid","2","1000","0.002","0.5002520322980221","0.8964642100519072"
"reviewing","review","2","1000","0.002","-0.8859991551725149","-0.15546688148341808"
"restrooms","restroom","2","1000","0.002","-0.44767986627956863","0.4221980311597747"
"resemble","resembl","2","1000","0.002","-0.4255263121037462","-0.18347136833309463"
"requested","request","2","1000","0.002","-0.7008605541352735","-0.21998638110698124"
"repressive","repress","2","1000","0.002","-0.516371927085119","-0.6666525184744195"
"removing","remov","2","1000","0.002","-0.4367567055125681","-0.22236648969813758"
"remotely","remot","2","1000","0.002","-0.17407786197210773","0.7855500158663089"
"relevance","relev","2","1000","0.002","-0.3048970650773114","-0.10800839336193177"
"register's","regist","2","1000","0.002","-0.20718210239709844","0.30709778010624295"
"region's","region","2","1000","0.002","-0.3050082755934839","-0.09953511949856446"
"recognition-enabled","recognition-en","2","1000","0.002","",""
"recognise","recognis","2","1000","0.002","",""
"rear-mounted","rear-mount","2","1000","0.002","",""
"reads","read","2","1000","0.002","0.12696754448861353","-0.17683717181107175"
"rampant","rampant","2","1000","0.002","-0.29732408953555145","-0.676043788759477"
"ram","ram","2","1000","0.002","0.4289362336764707","-0.16179414111290036"
"rallies","ralli","2","1000","0.002","-0.44743620224876585","-0.6452711763764619"
"railway","railway","2","1000","0.002","-0.19616343871307693","-0.4024851115228207"
"radar-based","radar-bas","2","1000","0.002","",""
"queue","queue","2","1000","0.002","0.17967587977097485","0.21489369096508953"
"pursuing","pursu","2","1000","0.002","-0.7156135979227404","-0.49111874054091026"
"pulse","puls","2","1000","0.002","-0.25748500560674675","0.4630055594130514"
"puck","puck","2","1000","0.002","-0.11871586045324498","0.49106763974612383"
"prototypes","prototyp","2","1000","0.002","-0.4180401575411687","1.0602648664767191"
"promoting","promot","2","1000","0.002","-0.49228896805271344","-0.49532613151606414"
"projector","projector","2","1000","0.002","0.086967494026049","1.3353692087335258"
"professor","professor","2","1000","0.002","-0.5180797828744874","-0.5217405681587953"
"pro-democracy","pro-democraci","2","1000","0.002","-0.3213536352770136","-0.5211122890041262"
"previewed","preview","2","1000","0.002","-0.4327276690492402","0.4353923210480358"
"prevalence","preval","2","1000","0.002","-0.25622662602390417","-0.2068115458878081"
"predict","predict","2","1000","0.002","-0.5477161590623589","0.06451662578920732"
"powered","power","2","1000","0.002","-0.29247281439653444","0.335160488527521"
"poses","pose","2","1000","0.002","-0.626473164410144","-0.31436264461064917"
"portland","portland","2","1000","0.002","1.5662531603764127","-0.34060967797245395"
"pope","pope","2","1000","0.002","-0.299000800961749","-0.1780877718205706"
"podcast","podcast","2","1000","0.002","0.15784754657031733","0.5470377373366626"
"ping","ping","2","1000","0.002","0.7704247270642979","0.4550962704039371"
"pigs","pig","2","1000","0.002","-0.004256314599380591","-0.32635338305490247"
"photography","photographi","2","1000","0.002","-0.10496967911006586","0.42924931378964976"
"personalised","personalis","2","1000","0.002","",""
"persistent","persist","2","1000","0.002","-0.3821850858718227","-0.2914786042030015"
"pen","pen","2","1000","0.002","0.06617584267803303","0.1454529014701974"
"paymentsolution","paymentsolut","2","1000","0.002","",""
"patriots","patriot","2","1000","0.002","0.14419882520077928","-0.749308182762062"
"passers-by","passers-bi","2","1000","0.002","-0.29237341602325045","0.0039618999871038315"
"parliamentary","parliamentari","2","1000","0.002","-0.3147561881171489","-0.6522506433000991"
"park","park","2","1000","0.002","-0.3724800943190134","-0.08871717681339383"
"paris","pari","2","1000","0.002","1.7587179046540165","-0.3302197930278082"
"paired","pair","2","1000","0.002","-0.40759274050798067","0.11203024555698743"
"overview","overview","2","1000","0.002","-0.3926473964542823","0.22141200031715916"
"overburdened","overburden","2","1000","0.002","-0.6908544490926514","-0.2760402861459338"
"opposing","oppos","2","1000","0.002","-0.472264474607223","-0.7069733147574521"
"on-device","on-devic","2","1000","0.002","",""
"oled","ole","2","1000","0.002","0.3059721676088081","0.36010721212350977"
"nyc","nyc","2","1000","0.002","1.8613696691935528","-0.3122972619523399"
"nuclear","nuclear","2","1000","0.002","-0.24291458938226998","-0.21838919707078683"
"notorious","notori","2","1000","0.002","-0.3818587438120294","-0.635805117646577"
"notify","notifi","2","1000","0.002","-0.8163269316903908","0.049232572761841266"
"notification","notif","2","1000","0.002","-0.4549422272684721","0.35665617146563555"
"non-binary","non-binari","2","1000","0.002","",""
"nimc","nimc","2","1000","0.002","",""
"newsom","newsom","2","1000","0.002","",""
"nec","nec","2","1000","0.002","1.2565642251526632","-0.057553891231282774"
"nab","nab","2","1000","0.002","-0.3213520018230782","-0.10416187538740457"
"murgia","murgia","2","1000","0.002","",""
"multimillion-dollar","multimillion-dollar","2","1000","0.002","-0.37189788095758874","-0.26898391718281667"
"mtk","mtk","2","1000","0.002","",""
"mozilla","mozilla","2","1000","0.002","1.799763250144393","0.6201587040525712"
"moto","moto","2","1000","0.002","0.601878777764718","0.08434228502186486"
"moscow","moscow","2","1000","0.002","1.0147950534155532","-0.21406204559780465"
"mohammed","moham","2","1000","0.002","1.2400604412093266","-0.4450747828436906"
"module","modul","2","1000","0.002","0.1547294609480357","1.2274536203591826"
"modify","modifi","2","1000","0.002","-0.2795081905417293","0.21997432474495288"
"mitigate","mitig","2","1000","0.002","-0.7501421118917265","-0.05171838917914279"
"mistakenly","mistaken","2","1000","0.002","-0.29996174807465925","-0.29340200727038146"
"missimelda","missimelda","2","1000","0.002","",""
"misclassifies","misclassifi","2","1000","0.002","",""
"military's","militari","2","1000","0.002","-0.3914058419092398","-0.33585937095147606"
"miit","miit","2","1000","0.002","",""
"mgab","mgab","2","1000","0.002","",""
"menu","menu","2","1000","0.002","-0.09553583360276362","0.719517838542695"
"memoji","memoji","2","1000","0.002","",""
"megapixel","megapixel","2","1000","0.002","0.6868424067987061","1.6475769599411236"
"matt","matt","2","1000","0.002","1.5585910503304858","0.014599525916308347"
"mastercard","mastercard","2","1000","0.002","1.2278235937606794","0.1496663946651599"
"massachusetts","massachusett","2","1000","0.002","1.5222805585168766","-0.277912546096667"
"maps","map","2","1000","0.002","-0.1655652384570235","0.7125461431032486"
"manually","manual","2","1000","0.002","0.1057998593985039","1.349835882652706"
"managing","manag","2","1000","0.002","-0.6642695280054645","-0.08794696615343431"
"makeup","makeup","2","1000","0.002","-0.25078137023471075","-0.007366562090328205"
"madhumita","madhumita","2","1000","0.002","",""
"macos","maco","2","1000","0.002","",""
"macau","macau","2","1000","0.002","",""
"lumentum","lumentum","2","1000","0.002","",""
"login","login","2","1000","0.002","0.6031058023519991","1.9627440482592113"
"lockport","lockport","2","1000","0.002","",""
"liu's","liu","2","1000","0.002","",""
"lip-reading","lip-read","2","1000","0.002","-0.0970171790830885","0.11558345174214017"
"lineup","lineup","2","1000","0.002","-0.5758101132255516","0.4158373903423121"
"licence","licenc","2","1000","0.002","",""
"lgbtq","lgbtq","2","1000","0.002","",""
"lewis","lewi","2","1000","0.002","2.0004134735711245","-0.5601304746423253"
"lenses","lens","2","1000","0.002","0.08997914487792483","1.0167152821682344"
"lee","lee","2","1000","0.002","1.4178436749352228","-0.8057456655278361"
"leader","leader","2","1000","0.002","-0.5248023916800784","-0.3804749445481112"
"law-enforcement","law-enforc","2","1000","0.002","-0.4022372403179136","-0.37482229430413894"
"lane","lane","2","1000","0.002","-0.5008075432203263","0.20669289612683076"
"landmark","landmark","2","1000","0.002","-0.587358934969625","-0.35819642083186887"
"laboratories","laboratori","2","1000","0.002","-0.5422800091365311","0.3833291100603903"
"lab","lab","2","1000","0.002","-0.45571539437178077","0.4640471220088652"
"kishore","kishor","2","1000","0.002","0.11714815940060386","-0.25873500595013615"
"kiosks","kiosk","2","1000","0.002","-0.4428286558865527","0.9381424908846104"
"kharpal","kharpal","2","1000","0.002","",""
"jurisdictions","jurisdict","2","1000","0.002","-0.5157551619082679","-0.0597065124142386"
"juniper","junip","2","1000","0.002","0.2674384390945739","-0.05221771803660634"
"journal","journal","2","1000","0.002","-0.17112206285489173","0.050894863632075314"
"joins","join","2","1000","0.002","-0.5189053602272242","-0.5007006203073897"
"jetblue","jetblu","2","1000","0.002","0.2970509476130185","0.18023548294918057"
"japanese","japanes","2","1000","0.002","1.975944990491825","-0.10679225157545211"
"irresponsible","irrespons","2","1000","0.002","-0.5426177691036085","-0.8564718909926161"
"iranians","iranian","2","1000","0.002","0.6877304742177915","-0.3450630023685917"
"ipo","ipo","2","1000","0.002","1.498373408921231","0.40001491908487574"
"intrusive","intrus","2","1000","0.002","-0.47379370798544435","0.3567881306230905"
"interestingly","interest","2","1000","0.002","0.16546111527096952","-0.16896759514440038"
"interact","interact","2","1000","0.002","-0.4087966890872895","0.6077227856303429"
"insufficient","insuffici","2","1000","0.002","-0.5147319498224566","-0.41726265465505546"
"inhabitants","inhabit","2","1000","0.002","-0.08840104791173456","-0.4097683261208522"
"infotech","infotech","2","1000","0.002","0.19845654243844885","0.23431101270125435"
"indicating","indic","2","1000","0.002","-0.3555072637878915","-0.12681874213107364"
"in-store","in-stor","2","1000","0.002","0.353638038455488","0.6074024560894055"
"img","img","2","1000","0.002","1.4864050800238873","0.37182352592385187"
"ideals","ideal","2","1000","0.002","-0.4115931472816677","-0.45596664639817475"
"ida","ida","2","1000","0.002","0.9741202794782986","-0.3999570051776437"
"ibadan","ibadan","2","1000","0.002","",""
"housed","hous","2","1000","0.002","-0.555539152205892","0.04754562129099924"
"hotel","hotel","2","1000","0.002","-0.3054144903936775","-0.17924879062716584"
"hospitals","hospit","2","1000","0.002","-0.5472426134388427","-0.1505127904831043"
"homepod","homepod","2","1000","0.002","",""
"homeless","homeless","2","1000","0.002","-0.3596079017310463","-0.5261571500025769"
"homeland","homeland","2","1000","0.002","-0.29884543948964726","-0.6666300545334711"
"hoan","hoan","2","1000","0.002","",""
"hmm","hmm","2","1000","0.002","1.1324121039427508","-0.20647913225366865"
"hints","hint","2","1000","0.002","-0.3252275747128423","-0.2141753527890127"
"hijab","hijab","2","1000","0.002","-0.06840098817409318","-0.17159630802624345"
"high-end","high-end","2","1000","0.002","0.13401115017486878","0.47791470740394637"
"harvey","harvey","2","1000","0.002","1.3711003477655512","-0.5467321090671251"
"harmon","harmon","2","1000","0.002","0.4005254256561227","0.0171913548813502"
"haptic","haptic","2","1000","0.002","-0.05515511639481859","1.7515129386253492"
"handles","handl","2","1000","0.002","-0.5135523940093142","0.06269447288746004"
"han","han","2","1000","0.002","1.2746847276484317","-0.7228231002052821"
"hamilton","hamilton","2","1000","0.002","1.590004610627658","-0.46022718038248417"
"halt","halt","2","1000","0.002","-0.604099819480323","-0.6420651875902398"
"hail","hail","2","1000","0.002","-0.23223321314402617","-0.6078228170315055"
"guangxi","guangxi","2","1000","0.002","",""
"gsoc's","gsoc","2","1000","0.002","",""
"graphics","graphic","2","1000","0.002","0.41535366099808363","1.1734150236656553"
"gps","gps","2","1000","0.002","1.476426538395508","0.8204641603882411"
"gorgeous","gorgeous","2","1000","0.002","0.24928816896826453","0.21812569339110927"
"goggles","goggl","2","1000","0.002","-0.051441470123719454","0.7392810775424048"
"glows","glow","2","1000","0.002","-0.00596219183709123","0.5002024976883158"
"globe","globe","2","1000","0.002","-0.23048292131898393","0.14807741752310974"
"gizmodo","gizmodo","2","1000","0.002","0.927111901601821","0.48948678502175236"
"ghaffary","ghaffari","2","1000","0.002","",""
"gershgorn","gershgorn","2","1000","0.002","",""
"george","georg","2","1000","0.002","2.1180059864737832","-0.9267209081299433"
"generate","generat","2","1000","0.002","-0.6017225930878813","0.12895620060175958"
"gavin","gavin","2","1000","0.002","0.7105727759643805","-0.32038422814758827"
"gambling","gambl","2","1000","0.002","-0.29493496668207253","-0.4641470514039532"
"gait","gait","2","1000","0.002","-0.33524478172799366","0.5871562810193807"
"gadgets","gadget","2","1000","0.002","-0.053584476067951775","1.121834162537681"
"g7","g7","2","1000","0.002","0.8075050474820152","0.001547061114987786"
"funding","fund","2","1000","0.002","-0.649193946417533","-0.19814307675989187"
"functionality","function","2","1000","0.002","-0.0077100257990267585","1.6489419449080178"
"fujitsu","fujitsu","2","1000","0.002","",""
"freedoms","freedom","2","1000","0.002","-0.3978985553599168","-0.4079342258636462"
"fragile","fragil","2","1000","0.002","-0.5068724322593141","-0.4293186429469465"
"format","format","2","1000","0.002","-0.08278637009222596","0.7688989624931666"
"floating","float","2","1000","0.002","-0.09106112807061963","0.006856331791474864"
"flip","flip","2","1000","0.002","-0.0308431967084571","0.33053589857403487"
"fleet","fleet","2","1000","0.002","-0.30118081846347783","0.06537554189049619"
"fitbit","fitbit","2","1000","0.002","",""
"findface","findfac","2","1000","0.002","",""
"fever","fever","2","1000","0.002","-0.2650359204104967","-0.33964031128511757"
"festivals","festiv","2","1000","0.002","-0.2869717823617877","-0.21488203700917627"
"federally-funded","federally-fund","2","1000","0.002","",""
"featured","featur","2","1000","0.002","-0.4471128595998223","0.08503511003132633"
"fearful","fear","2","1000","0.002","-0.6546051958799757","-0.606958674888605"
"extremist","extremist","2","1000","0.002","-0.36820520214969243","-0.7225635359043603"
"expressions","express","2","1000","0.002","-0.43081718166266564","-0.00876059294057822"
"export","export","2","1000","0.002","-0.16294073127122236","-0.09925653925296657"
"exponential","exponenti","2","1000","0.002","-0.28466811477112886","0.28881165747963444"
"explored","explor","2","1000","0.002","-0.6253321975747981","-0.10207862477317428"
"exploitation","exploit","2","1000","0.002","-0.27180651786436105","-0.48429187646050653"
"evolution","evolut","2","1000","0.002","-0.2365329558133011","0.24076454160379562"
"everybody's","everybodi","2","1000","0.002","0.5575489826660793","-0.27631765820756166"
"etherington","etherington","2","1000","0.002","",""
"entrances","entranc","2","1000","0.002","-0.5433744687677183","0.27139172242204546"
"enhancements","enhanc","2","1000","0.002","-0.3459122222907607","1.045349134938333"
"engage","engag","2","1000","0.002","-0.6081527835249166","-0.06480393409103237"
"encrypted","encrypt","2","1000","0.002","-0.2418549859721297","1.3223353007204641"
"employ","employ","2","1000","0.002","-0.5021139360968129","-0.011983659520998507"
"elaine","elain","2","1000","0.002","0.48060152246928456","-0.18012178536350848"
"economy","economi","2","1000","0.002","-0.41351050145817375","-0.28559951287856844"
"echizen","echizen","2","1000","0.002","",""
"e-learning","e-learn","2","1000","0.002","0.02349597111011168","0.7806141116843175"
"duron","duron","2","1000","0.002","",""
"doubling","doubl","2","1000","0.002","-0.5367767250885934","-0.10055591720461471"
"domain","domain","2","1000","0.002","0.31493769784032005","0.2759386326214813"
"dispensers","dispens","2","1000","0.002","-0.39425698729861586","0.6179562350745555"
"discussing","discuss","2","1000","0.002","-0.6396155546002732","-0.2969507213996251"
"discovered","discov","2","1000","0.002","-0.40710044065004464","-0.15403790835783124"
"disabilities","disabl","2","1000","0.002","-0.47649324473643917","0.022345016917963395"
"diligent","dilig","2","1000","0.002","-0.45020469888565495","-0.14768821754080558"
"differs","differ","2","1000","0.002","-0.4727426175431824","-0.0782472327325646"
"devastated","devast","2","1000","0.002","-0.5335340077435627","-0.7100221916137265"
"denies","deni","2","1000","0.002","-0.7499911251338833","-0.9957124549133326"
"decentralised","decentralis","2","1000","0.002","",""
"deceased","deceas","2","1000","0.002","-0.3102085404876714","-0.3849227922635971"
"de-bias","de-bia","2","1000","0.002","",""
"darrell","darrel","2","1000","0.002","",""
"darkjoin","darkjoin","2","1000","0.002","",""
"darker","darker","2","1000","0.002","-0.27299447023197826","-0.03272399193423394"
"dan","dan","2","1000","0.002","1.6219873996204441","-0.7397294658458938"
"cybersecurity","cybersecur","2","1000","0.002","-0.28394328580027445","0.2557733470905319"
"cutting-edge","cutting-edg","2","1000","0.002","-0.3617543782411771","0.3641563876947089"
"cutout","cutout","2","1000","0.002","0.002665073854173112","0.3242184504121668"
"cubo","cubo","2","1000","0.002","",""
"cruise","cruis","2","1000","0.002","-0.24893673563937896","-0.03439565673739126"
"criticised","criticis","2","1000","0.002","",""
"crisis","crisi","2","1000","0.002","-0.46685387973080666","-0.5429006857960343"
"crises","crise","2","1000","0.002","-0.4639673900705464","-0.43341967023322137"
"creeps","creep","2","1000","0.002","0.21661811833392214","-0.2902829438649574"
"credibility","credibl","2","1000","0.002","-0.5164137381546734","-0.4468522555903307"
"creates","creat","2","1000","0.002","-0.478106150615517","0.06561715511142335"
"cracks","crack","2","1000","0.002","-0.4679719577989025","-0.33032936780792005"
"cover-up","cover-up","2","1000","0.002","-0.28272809018150197","-0.5785300989303745"
"coverings","cover","2","1000","0.002","-0.35985656809475436","0.2129130736233204"
"counsel","counsel","2","1000","0.002","-0.5875158125938575","-0.4441870872920622"
"corrupt","corrupt","2","1000","0.002","-0.0733407116167708","-0.8050331596361835"
"correctly","correct","2","1000","0.002","-0.0026237590399907536","0.12189700137684194"
"corpses","corps","2","1000","0.002","-0.3114924614628847","-0.34229924086787644"
"coronavirusthe","coronavirusth","2","1000","0.002","",""
"coronavirus-infected","coronavirus-infect","2","1000","0.002","",""
"confirm","confirm","2","1000","0.002","-0.4792671584688001","-0.1409292328302251"
"conceal","conceal","2","1000","0.002","-0.6152966043982829","-0.4077334442440011"
"compromised","compromis","2","1000","0.002","-0.46377199187996077","-0.10001634188494475"
"complies","compli","2","1000","0.002","-0.6260110015799477","0.029883047317627347"
"complaint","complaint","2","1000","0.002","-0.6038707617184182","-0.47759387252224444"
"competitor","competitor","2","1000","0.002","-0.27572406496751334","0.0288632711372975"
"comparisons","comparison","2","1000","0.002","-0.6441222199958652","0.030376899894817434"
"commuters","commut","2","1000","0.002","-0.43905659819857185","0.05795606522753335"
"communist","communist","2","1000","0.002","-0.1721567861124897","-0.5974555888012806"
"combine","combin","2","1000","0.002","-0.5038819184705406","0.19462608638612197"
"college","colleg","2","1000","0.002","-0.21557225644850336","-0.3069021041707212"
"cnbc","cnbc","2","1000","0.002","0.8350826893399828","-0.08879731169297632"
"clever","clever","2","1000","0.002","-0.0010567298167132944","0.15352458438003536"
"cleaner","cleaner","2","1000","0.002","-0.13292910143656358","-0.007656155809084971"
"clamor","clamor","2","1000","0.002","-0.36889012319336867","-0.5861026927547249"
"chris","chris","2","1000","0.002","2.1683340405055143","-0.8113534616551626"
"chopra","chopra","2","1000","0.002","0.20783976147374267","-0.09476347963891747"
"china-based","china-bas","2","1000","0.002","",""
"check-in","check-in","2","1000","0.002","0.9044429299755141","0.7183119908792547"
"celebrates","celebr","2","1000","0.002","-0.42160014642746124","-0.5922641658955001"
"cbn","cbn","2","1000","0.002","0.3851908569916091","-0.3995527723703814"
"catastrophic","catastroph","2","1000","0.002","-0.49978532823713195","-0.3813362940173137"
"catalina","catalina","2","1000","0.002","",""
"casino","casino","2","1000","0.002","-0.3686184176634775","-0.09041602471084963"
"cashierless","cashierless","2","1000","0.002","",""
"car-bomb","car-bomb","2","1000","0.002","-0.04097143392258065","-0.3604908951535026"
"capitalists","capitalist","2","1000","0.002","0.07088431144170808","-0.6261470906447986"
"capability","capabl","2","1000","0.002","-0.33770560629151414","0.7377485372431563"
"canada","canada","2","1000","0.002","2.25096454992909","-0.046637350849082757"
"camps","camp","2","1000","0.002","-0.4324220480168874","-0.41391886136411654"
"camera-equipped","camera-equip","2","1000","0.002","",""
"calif","calif","2","1000","0.002","0.45276922470403375","-0.300869600791721"
"buzzfeed","buzzfe","2","1000","0.002","",""
"bureaus","bureaus","2","1000","0.002","-0.2568593454271645","0.12330797743605547"
"buolamwini","buolamwini","2","1000","0.002","",""
"buhari","buhari","2","1000","0.002","0.5333381047206316","-0.5009521202340348"
"bruce","bruce","2","1000","0.002","1.8342788972847213","-0.5346013733532672"
"browse","brows","2","1000","0.002","0.18162383818062233","1.1245405747437818"
"broader","broader","2","1000","0.002","-0.6674269385757898","0.042635228667597454"
"british","british","2","1000","0.002","1.8798362721644144","-0.7175831086874933"
"breakthroughs","breakthrough","2","1000","0.002","-0.5508980412985323","0.3295959813651416"
"brainwashing","brainwash","2","1000","0.002","-0.10907906951718442","-0.4057754096776375"
"borderless","borderless","2","1000","0.002","-0.04999444136187981","0.36080189051605216"
"boost","boost","2","1000","0.002","-0.7095755281254484","-0.2871980659463522"
"boon","boon","2","1000","0.002","-0.5606860010185882","-0.20835715813303107"
"bolster","bolster","2","1000","0.002","-0.8140972458241141","-0.4858523878083141"
"blur","blur","2","1000","0.002","-0.3663468019834612","0.30769410131130726"
"blueprint","blueprint","2","1000","0.002","-0.8094880057123838","-0.24395353768475322"
"blockchain","blockchain","2","1000","0.002","",""
"blockbuster","blockbust","2","1000","0.002","-0.4131483795344334","-0.06828618368383929"
"blocked","block","2","1000","0.002","-0.4894949448111822","-0.509667151724285"
"blasts","blast","2","1000","0.002","-0.32063216685517343","-0.5377331717846013"
"bipartisan","bipartisan","2","1000","0.002","-0.6899907766762641","-0.30282895558982614"
"bionic","bionic","2","1000","0.002","0.11924918305454077","0.6447665327590029"
"billed","bill","2","1000","0.002","-0.5555511901765755","-0.12119108177284886"
"bike","bike","2","1000","0.002","0.014869198285052041","0.1840347380374096"
"biddle","biddl","2","1000","0.002","",""
"bezels","bezel","2","1000","0.002","0.3352057685486293","1.4744978003136142"
"bernie","berni","2","1000","0.002","1.1470966541210372","-0.442724922596875"
"berkeley","berkeley","2","1000","0.002","1.1436536939798172","-0.10667880390942104"
"bellanaija","bellanaija","2","1000","0.002","",""
"bbc","bbc","2","1000","0.002","2.071526583774067","-0.18862490267423643"
"battlefield","battlefield","2","1000","0.002","-0.42956893431238696","0.21743506656432376"
"barriers","barrier","2","1000","0.002","-0.5565647202969667","-0.05592514500554719"
"bankruptcy","bankruptci","2","1000","0.002","-0.38609740430557155","-0.17122040036318342"
"ballot","ballot","2","1000","0.002","-0.6021732007464987","-0.4292464666134795"
"balances","balanc","2","1000","0.002","-0.3704224538570486","0.0592447804452495"
"backlash","backlash","2","1000","0.002","-0.7628490554583197","-0.6459875682737339"
"azhar","azhar","2","1000","0.002","",""
"azeem","azeem","2","1000","0.002","",""
"awards","award","2","1000","0.002","-0.47590348598535986","-0.054781122787439025"
"aws","aw","2","1000","0.002","0.48548671235526053","-0.14870143413269998"
"audio","audio","2","1000","0.002","0.015752668497750543","0.9529073343879759"
"attach","attach","2","1000","0.002","-0.12245708868282117","0.14207810074669766"
"array","array","2","1000","0.002","-0.5180920186188526","0.40692053261005673"
"arjun","arjun","2","1000","0.002","0.4814714973164707","-0.24072887425019693"
"arguably","arguabl","2","1000","0.002","-0.3565764897029764","-0.3234979508929591"
"apc","apc","2","1000","0.002","0.37407466789882843","-0.10519196091932921"
"anyvision","anyvis","2","1000","0.002","",""
"anymore","anymor","2","1000","0.002","-0.00032403017377387544","-0.31820656369592826"
"animoji","animoji","2","1000","0.002","",""
"alzheimer's","alzheim","2","1000","0.002","0.4369926679236993","0.10421713286931128"
"alphabet","alphabet","2","1000","0.002","0.3029795603368458","0.16388901070706832"
"alicem","alicem","2","1000","0.002","",""
"alerts","alert","2","1000","0.002","-0.42292937478357656","1.0577787297653536"
"album","album","2","1000","0.002","0.016551286241604384","0.23084651273974582"
"alarm","alarm","2","1000","0.002","-0.41469885273278706","0.17586834527207573"
"airpods","airpod","2","1000","0.002","",""
"ai-based","ai-bas","2","1000","0.002","",""
"agreement","agreement","2","1000","0.002","-0.7000524365659212","-0.14170452129676112"
"agrees","agre","2","1000","0.002","-0.5346910377261942","-0.5344289456393203"
"afp","afp","2","1000","0.002","0.949612547401199","-0.301332524066643"
"affix","affix","2","1000","0.002","-0.3295996421541775","0.12584772226995214"
"advisory","advisori","2","1000","0.002","-0.5768261248931797","-0.3652934038981308"
"advertisers","advertis","2","1000","0.002","-0.3358843755544821","0.5555496766683904"
"advancing","advanc","2","1000","0.002","-0.5975270702273346","-0.22350876548504595"
"adjust","adjust","2","1000","0.002","-0.5419548274966003","0.22820756287773866"
"accrelist","accrelist","2","1000","0.002","",""
"accidentally","accident","2","1000","0.002","-0.13869199831265924","-0.08027018598964689"
"accessbankto","accessbankto","2","1000","0.002","",""
"academics","academ","2","1000","0.002","-0.39460472587893797","-0.40774963374885975"
"abonnema","abonnema","2","1000","0.002","",""
"aaron","aaron","2","1000","0.002","1.598515118901528","-0.5020002583105339"
"8mp","8mp","2","1000","0.002","0.18827124026516573","0.4903730751562156"
"80,000","80,000","2","1000","0.002","",""
"750m","750m","2","1000","0.002","",""
"6.21-","6.21-","2","1000","0.002","",""
"6.2","6.2","2","1000","0.002","",""
"5g","5g","2","1000","0.002","0.426035157759557","0.18051193785875191"
"5:10","5:10","2","1000","0.002","",""
